sample	DHS_tagAlign	H3K27ac_tagAlign	DHS_narrowPeak	H3K27ac_narrowPeak
A673_ID_2649	/scratch/groups/engreitz/Users/kmualim/ABC_data/tagAligns/ENCFF261YSH.tagAlign.gz,/scratch/groups/engreitz/Users/kmualim/ABC_data/tagAligns/ENCFF860UCH.tagAlign.gz	/scratch/groups/engreitz/Users/kmualim/ABC_data/tagAligns/ENCFF054PXI.tagAlign.gz,/scratch/groups/engreitz/Users/kmualim/ABC_data/tagAligns/ENCFF215WZQ.tagAlign.gz	/oak/stanford/groups/akundaje/kmualim/BenchmarkingPipeline_resources/narrowPeak_files/ENCFF558GBK.bed.gz.sorted,/oak/stanford/groups/akundaje/kmualim/BenchmarkingPipeline_resources/narrowPeak_files/ENCFF794LGM.bed.gz.sorted	/oak/stanford/groups/akundaje/kmualim/BenchmarkingPipeline_resources/narrowPeak_files/ENCFF390CBA.bed.gz.sorted,/oak/stanford/groups/akundaje/kmualim/BenchmarkingPipeline_resources/narrowPeak_files/ENCFF259KFK.bed.gz.sorted,/oak/stanford/groups/akundaje/kmualim/BenchmarkingPipeline_resources/narrowPeak_files/ENCFF164MYA.bed.gz.sorted
AG04450_ID_361	/scratch/groups/engreitz/Users/kmualim/ABC_data/tagAligns/ENCFF477CQU.se.tagAlign.gz	/scratch/groups/engreitz/Users/kmualim/ABC_data/tagAligns/ENCFF485LDV.se.tagAlign.gz	/oak/stanford/groups/akundaje/kmualim/BenchmarkingPipeline_resources/narrowPeak_files/ENCFF530OPL.bed.gz.sorted,/oak/stanford/groups/akundaje/kmualim/BenchmarkingPipeline_resources/narrowPeak_files/ENCFF379TQE.bed.gz.sorted	/oak/stanford/groups/akundaje/kmualim/BenchmarkingPipeline_resources/narrowPeak_files/ENCFF555VAO.bed.gz.sorted
aorta_ID_2340	/scratch/groups/engreitz/Users/kmualim/ABC_data/tagAligns/ENCFF934AZP.tagAlign.gz	/scratch/groups/engreitz/Users/kmualim/ABC_data/tagAligns/ENCFF233YWT.se.tagAlign.gz	/oak/stanford/groups/akundaje/kmualim/BenchmarkingPipeline_resources/narrowPeak_files/ENCFF411IZW.bed.gz.sorted	/oak/stanford/groups/akundaje/kmualim/BenchmarkingPipeline_resources/narrowPeak_files/ENCFF994ZGB.bed.gz.sorted
ascending_aorta_ID_2758	/scratch/groups/engreitz/Users/kmualim/ABC_data/tagAligns/ENCFF396JLE.tagAlign.gz	/scratch/groups/engreitz/Users/kmualim/ABC_data/tagAligns/ENCFF328YXI.se.tagAlign.gz	/oak/stanford/groups/akundaje/kmualim/BenchmarkingPipeline_resources/narrowPeak_files/ENCFF022EYN.bed.gz.sorted	/oak/stanford/groups/akundaje/kmualim/BenchmarkingPipeline_resources/narrowPeak_files/ENCFF033TXD.bed.gz.sorted
astrocyte_ID_2376	/scratch/groups/engreitz/Users/kmualim/ABC_data/tagAligns/ENCFF639ETA.tagAlign.gz	/scratch/groups/engreitz/Users/kmualim/ABC_data/tagAligns/ENCFF500ZIA.se.tagAlign.gz	/oak/stanford/groups/akundaje/kmualim/BenchmarkingPipeline_resources/narrowPeak_files/ENCFF746QWU.bed.gz.sorted	/oak/stanford/groups/akundaje/kmualim/BenchmarkingPipeline_resources/narrowPeak_files/ENCFF734ILA.bed.gz.sorted,/oak/stanford/groups/akundaje/kmualim/BenchmarkingPipeline_resources/narrowPeak_files/ENCFF621KEK.bed.gz.sorted,/oak/stanford/groups/akundaje/kmualim/BenchmarkingPipeline_resources/narrowPeak_files/ENCFF138TME.bed.gz.sorted
bipolar_neuron_ID_2650	/scratch/groups/engreitz/Users/kmualim/ABC_data/tagAligns/ENCFF125JWY.tagAlign.gz,/scratch/groups/engreitz/Users/kmualim/ABC_data/tagAligns/ENCFF772EJG.tagAlign.gz	/scratch/groups/engreitz/Users/kmualim/ABC_data/tagAligns/ENCFF354HMZ.tagAlign.gz,/scratch/groups/engreitz/Users/kmualim/ABC_data/tagAligns/ENCFF292IFV.tagAlign.gz	/oak/stanford/groups/akundaje/kmualim/BenchmarkingPipeline_resources/narrowPeak_files/ENCFF182MFO.bed.gz.sorted,/oak/stanford/groups/akundaje/kmualim/BenchmarkingPipeline_resources/narrowPeak_files/ENCFF447OQT.bed.gz.sorted	/oak/stanford/groups/akundaje/kmualim/BenchmarkingPipeline_resources/narrowPeak_files/ENCFF597RUX.bed.gz.sorted,/oak/stanford/groups/akundaje/kmualim/BenchmarkingPipeline_resources/narrowPeak_files/ENCFF830UYR.bed.gz.sorted,/oak/stanford/groups/akundaje/kmualim/BenchmarkingPipeline_resources/narrowPeak_files/ENCFF593RNV.bed.gz.sorted
body_of_pancreas_ID_2666	/scratch/groups/engreitz/Users/kmualim/ABC_data/tagAligns/ENCFF611ZEI.tagAlign.gz	/scratch/groups/engreitz/Users/kmualim/ABC_data/tagAligns/ENCFF753ZLD.se.tagAlign.gz	/oak/stanford/groups/akundaje/kmualim/BenchmarkingPipeline_resources/narrowPeak_files/ENCFF825YYC.bed.gz.sorted	/oak/stanford/groups/akundaje/kmualim/BenchmarkingPipeline_resources/narrowPeak_files/ENCFF412SNU.bed.gz.sorted,/oak/stanford/groups/akundaje/kmualim/BenchmarkingPipeline_resources/narrowPeak_files/ENCFF296VBP.bed.gz.sorted,/oak/stanford/groups/akundaje/kmualim/BenchmarkingPipeline_resources/narrowPeak_files/ENCFF416AXJ.bed.gz.sorted
brain_microvascular_endothelial_cell_ID_2308	/scratch/groups/engreitz/Users/kmualim/ABC_data/tagAligns/ENCFF598PRH.tagAlign.gz,/scratch/groups/engreitz/Users/kmualim/ABC_data/tagAligns/ENCFF438RES.tagAlign.gz	/scratch/groups/engreitz/Users/kmualim/ABC_data/tagAligns/ENCFF713SNQ.tagAlign.gz,/scratch/groups/engreitz/Users/kmualim/ABC_data/tagAligns/ENCFF887PLJ.tagAlign.gz	/oak/stanford/groups/akundaje/kmualim/BenchmarkingPipeline_resources/narrowPeak_files/ENCFF696KIS.bed.gz.sorted,/oak/stanford/groups/akundaje/kmualim/BenchmarkingPipeline_resources/narrowPeak_files/ENCFF463OQZ.bed.gz.sorted	/oak/stanford/groups/akundaje/kmualim/BenchmarkingPipeline_resources/narrowPeak_files/ENCFF764ZPK.bed.gz.sorted,/oak/stanford/groups/akundaje/kmualim/BenchmarkingPipeline_resources/narrowPeak_files/ENCFF718IQW.bed.gz.sorted,/oak/stanford/groups/akundaje/kmualim/BenchmarkingPipeline_resources/narrowPeak_files/ENCFF983PRG.bed.gz.sorted
breast_epithelium_ID_2114	/scratch/groups/engreitz/Users/kmualim/ABC_data/tagAligns/ENCFF106NEF.tagAlign.gz	/scratch/groups/engreitz/Users/kmualim/ABC_data/tagAligns/ENCFF324ZJH.se.tagAlign.gz	/oak/stanford/groups/akundaje/kmualim/BenchmarkingPipeline_resources/narrowPeak_files/ENCFF557QSP.bed.gz.sorted	/oak/stanford/groups/akundaje/kmualim/BenchmarkingPipeline_resources/narrowPeak_files/ENCFF507WEL.bed.gz.sorted
cardiac_muscle_cell_ID_363	/scratch/groups/engreitz/Users/kmualim/ABC_data/tagAligns/ENCFF405BAG.se.tagAlign.gz	/scratch/groups/engreitz/Users/kmualim/ABC_data/tagAligns/ENCFF044HUP.se.tagAlign.gz	/oak/stanford/groups/akundaje/kmualim/BenchmarkingPipeline_resources/narrowPeak_files/ENCFF746SBA.bed.gz.sorted,/oak/stanford/groups/akundaje/kmualim/BenchmarkingPipeline_resources/narrowPeak_files/ENCFF870EKF.bed.gz.sorted	/oak/stanford/groups/akundaje/kmualim/BenchmarkingPipeline_resources/narrowPeak_files/ENCFF154WIG.bed.gz.sorted,/oak/stanford/groups/akundaje/kmualim/BenchmarkingPipeline_resources/narrowPeak_files/ENCFF518VCX.bed.gz.sorted,/oak/stanford/groups/akundaje/kmualim/BenchmarkingPipeline_resources/narrowPeak_files/ENCFF732YGG.bed.gz.sorted
CD14-positive_monocyte_ID_370	/scratch/groups/engreitz/Users/kmualim/ABC_data/tagAligns/ENCFF975UDE.se.tagAlign.gz	/scratch/groups/engreitz/Users/kmualim/ABC_data/tagAligns/ENCFF068YQE.se.tagAlign.gz	/oak/stanford/groups/akundaje/kmualim/BenchmarkingPipeline_resources/narrowPeak_files/ENCFF771GZH.bed.gz.sorted	/oak/stanford/groups/akundaje/kmualim/BenchmarkingPipeline_resources/narrowPeak_files/ENCFF037MPE.bed.gz.sorted,/oak/stanford/groups/akundaje/kmualim/BenchmarkingPipeline_resources/narrowPeak_files/ENCFF471QGU.bed.gz.sorted,/oak/stanford/groups/akundaje/kmualim/BenchmarkingPipeline_resources/narrowPeak_files/ENCFF892OTG.bed.gz.sorted
CD4-positive_alpha-beta_T_cell_ID_120	/scratch/groups/engreitz/Users/kmualim/ABC_data/tagAligns/ENCFF765CHC.se.tagAlign.gz	/scratch/groups/engreitz/Users/kmualim/ABC_data/tagAligns/ENCFF051JGL.se.tagAlign.gz	/oak/stanford/groups/akundaje/kmualim/BenchmarkingPipeline_resources/narrowPeak_files/ENCFF859OCM.bed.gz.sorted	/oak/stanford/groups/akundaje/kmualim/BenchmarkingPipeline_resources/narrowPeak_files/ENCFF977EXB.bed.gz.sorted
CD8-positive_alpha-beta_T_cell_ID_148	/scratch/groups/engreitz/Users/kmualim/ABC_data/tagAligns/ENCFF551PHG.se.tagAlign.gz	/scratch/groups/engreitz/Users/kmualim/ABC_data/tagAligns/ENCFF009JJU.se.tagAlign.gz	/oak/stanford/groups/akundaje/kmualim/BenchmarkingPipeline_resources/narrowPeak_files/ENCFF464EKW.bed.gz.sorted	/oak/stanford/groups/akundaje/kmualim/BenchmarkingPipeline_resources/narrowPeak_files/ENCFF269VVP.bed.gz.sorted
colonic_mucosa_ID_2118	/scratch/groups/engreitz/Users/kmualim/ABC_data/tagAligns/ENCFF946UKJ.tagAlign.gz	/scratch/groups/engreitz/Users/kmualim/ABC_data/tagAligns/ENCFF282AQV.se.tagAlign.gz	/oak/stanford/groups/akundaje/kmualim/BenchmarkingPipeline_resources/narrowPeak_files/ENCFF519VQD.bed.gz.sorted	/oak/stanford/groups/akundaje/kmualim/BenchmarkingPipeline_resources/narrowPeak_files/ENCFF549AXK.bed.gz.sorted
coronary_artery_ID_2664	/scratch/groups/engreitz/Users/kmualim/ABC_data/tagAligns/ENCFF732RWK.tagAlign.gz	/scratch/groups/engreitz/Users/kmualim/ABC_data/tagAligns/ENCFF055DES.se.tagAlign.gz	/oak/stanford/groups/akundaje/kmualim/BenchmarkingPipeline_resources/narrowPeak_files/ENCFF267ICU.bed.gz.sorted	/oak/stanford/groups/akundaje/kmualim/BenchmarkingPipeline_resources/narrowPeak_files/ENCFF337KNQ.bed.gz.sorted
endothelial_cell_of_umbilical_vein_ID_351	/scratch/groups/engreitz/Users/kmualim/ABC_data/tagAligns/ENCFF016SEB.se.tagAlign.gz	/scratch/groups/engreitz/Users/kmualim/ABC_data/tagAligns/ENCFF034UBN.se.tagAlign.gz	/oak/stanford/groups/akundaje/kmualim/BenchmarkingPipeline_resources/narrowPeak_files/ENCFF662INP.bed.gz.sorted,/oak/stanford/groups/akundaje/kmualim/BenchmarkingPipeline_resources/narrowPeak_files/ENCFF145RIZ.bed.gz.sorted	/oak/stanford/groups/akundaje/kmualim/BenchmarkingPipeline_resources/narrowPeak_files/ENCFF077LGZ.bed.gz.sorted,/oak/stanford/groups/akundaje/kmualim/BenchmarkingPipeline_resources/narrowPeak_files/ENCFF194WFZ.bed.gz.sorted,/oak/stanford/groups/akundaje/kmualim/BenchmarkingPipeline_resources/narrowPeak_files/ENCFF093ZGO.bed.gz.sorted
epithelial_cell_of_prostate_ID_2659	/scratch/groups/engreitz/Users/kmualim/ABC_data/tagAligns/ENCFF477OTZ.se.tagAlign.gz	/scratch/groups/engreitz/Users/kmualim/ABC_data/tagAligns/ENCFF406KDL.tagAlign.gz,/scratch/groups/engreitz/Users/kmualim/ABC_data/tagAligns/ENCFF544ZNG.tagAlign.gz	/oak/stanford/groups/akundaje/kmualim/BenchmarkingPipeline_resources/narrowPeak_files/ENCFF239WLL.bed.gz.sorted,/oak/stanford/groups/akundaje/kmualim/BenchmarkingPipeline_resources/narrowPeak_files/ENCFF464CNH.bed.gz.sorted	/oak/stanford/groups/akundaje/kmualim/BenchmarkingPipeline_resources/narrowPeak_files/ENCFF600EQG.bed.gz.sorted,/oak/stanford/groups/akundaje/kmualim/BenchmarkingPipeline_resources/narrowPeak_files/ENCFF299BYV.bed.gz.sorted,/oak/stanford/groups/akundaje/kmualim/BenchmarkingPipeline_resources/narrowPeak_files/ENCFF156ZXQ.bed.gz.sorted
fibroblast_of_dermis_ID_2639	/scratch/groups/engreitz/Users/kmualim/ABC_data/tagAligns/ENCFF159HRT.se.tagAlign.gz	/scratch/groups/engreitz/Users/kmualim/ABC_data/tagAligns/ENCFF097AWZ.se.tagAlign.gz	/oak/stanford/groups/akundaje/kmualim/BenchmarkingPipeline_resources/narrowPeak_files/ENCFF560CLW.bed.gz.sorted,/oak/stanford/groups/akundaje/kmualim/BenchmarkingPipeline_resources/narrowPeak_files/ENCFF934XSL.bed.gz.sorted	/oak/stanford/groups/akundaje/kmualim/BenchmarkingPipeline_resources/narrowPeak_files/ENCFF152SQM.bed.gz.sorted,/oak/stanford/groups/akundaje/kmualim/BenchmarkingPipeline_resources/narrowPeak_files/ENCFF266JIP.bed.gz.sorted,/oak/stanford/groups/akundaje/kmualim/BenchmarkingPipeline_resources/narrowPeak_files/ENCFF399FZY.bed.gz.sorted
fibroblast_of_lung_ID_272	/scratch/groups/engreitz/Users/kmualim/ABC_data/tagAligns/ENCFF237FTW.se.tagAlign.gz	/scratch/groups/engreitz/Users/kmualim/ABC_data/tagAligns/ENCFF174VQX.se.tagAlign.gz	/oak/stanford/groups/akundaje/kmualim/BenchmarkingPipeline_resources/narrowPeak_files/ENCFF645AAM.bed.gz.sorted,/oak/stanford/groups/akundaje/kmualim/BenchmarkingPipeline_resources/narrowPeak_files/ENCFF083VTI.bed.gz.sorted	/oak/stanford/groups/akundaje/kmualim/BenchmarkingPipeline_resources/narrowPeak_files/ENCFF049JRA.bed.gz.sorted,/oak/stanford/groups/akundaje/kmualim/BenchmarkingPipeline_resources/narrowPeak_files/ENCFF073YBF.bed.gz.sorted,/oak/stanford/groups/akundaje/kmualim/BenchmarkingPipeline_resources/narrowPeak_files/ENCFF383LVX.bed.gz.sorted
gastrocnemius_medialis_ID_2090	/scratch/groups/engreitz/Users/kmualim/ABC_data/tagAligns/ENCFF513STI.tagAlign.gz	/scratch/groups/engreitz/Users/kmualim/ABC_data/tagAligns/ENCFF859JWV.se.tagAlign.gz	/oak/stanford/groups/akundaje/kmualim/BenchmarkingPipeline_resources/narrowPeak_files/ENCFF599SNK.bed.gz.sorted	/oak/stanford/groups/akundaje/kmualim/BenchmarkingPipeline_resources/narrowPeak_files/ENCFF087FDQ.bed.gz.sorted
GM12878_ID_2724	/scratch/groups/engreitz/Users/kmualim/ABC_data/tagAligns/ENCFF467CXY.se.tagAlign.gz	/scratch/groups/engreitz/Users/kmualim/ABC_data/tagAligns/ENCFF645BAL.se.tagAlign.gz	/oak/stanford/groups/akundaje/kmualim/BenchmarkingPipeline_resources/narrowPeak_files/ENCFF195QAV.bed.gz.sorted,/oak/stanford/groups/akundaje/kmualim/BenchmarkingPipeline_resources/narrowPeak_files/ENCFF762CRQ.bed.gz.sorted	/oak/stanford/groups/akundaje/kmualim/BenchmarkingPipeline_resources/narrowPeak_files/ENCFF361XMX.bed.gz.sorted,/oak/stanford/groups/akundaje/kmualim/BenchmarkingPipeline_resources/narrowPeak_files/ENCFF630WJE.bed.gz.sorted,/oak/stanford/groups/akundaje/kmualim/BenchmarkingPipeline_resources/narrowPeak_files/ENCFF649FUU.bed.gz.sorted
GM23338_ID_2088	/scratch/groups/engreitz/Users/kmualim/ABC_data/tagAligns/ENCFF376XJI.tagAlign.gz	/scratch/groups/engreitz/Users/kmualim/ABC_data/tagAligns/ENCFF421TFQ.tagAlign.gz,/scratch/groups/engreitz/Users/kmualim/ABC_data/tagAligns/ENCFF206NOQ.tagAlign.gz	/oak/stanford/groups/akundaje/kmualim/BenchmarkingPipeline_resources/narrowPeak_files/ENCFF580UGT.bed.gz.sorted	/oak/stanford/groups/akundaje/kmualim/BenchmarkingPipeline_resources/narrowPeak_files/ENCFF755WNZ.bed.gz.sorted,/oak/stanford/groups/akundaje/kmualim/BenchmarkingPipeline_resources/narrowPeak_files/ENCFF507RDF.bed.gz.sorted,/oak/stanford/groups/akundaje/kmualim/BenchmarkingPipeline_resources/narrowPeak_files/ENCFF022FUU.bed.gz.sorted
H1_ID_364	/scratch/groups/engreitz/Users/kmualim/ABC_data/tagAligns/ENCFF733TCL.se.tagAlign.gz	/scratch/groups/engreitz/Users/kmualim/ABC_data/tagAligns/ENCFF104RJG.se.tagAlign.gz	/oak/stanford/groups/akundaje/kmualim/BenchmarkingPipeline_resources/narrowPeak_files/ENCFF708VFY.bed.gz.sorted	/oak/stanford/groups/akundaje/kmualim/BenchmarkingPipeline_resources/narrowPeak_files/ENCFF317QGQ.bed.gz.sorted,/oak/stanford/groups/akundaje/kmualim/BenchmarkingPipeline_resources/narrowPeak_files/ENCFF860UVP.bed.gz.sorted,/oak/stanford/groups/akundaje/kmualim/BenchmarkingPipeline_resources/narrowPeak_files/ENCFF248UTT.bed.gz.sorted
H9_ID_413	/scratch/groups/engreitz/Users/kmualim/ABC_data/tagAligns/ENCFF244JVV.tagAlign.gz	/scratch/groups/engreitz/Users/kmualim/ABC_data/tagAligns/ENCFF709WUL.se.tagAlign.gz	/oak/stanford/groups/akundaje/kmualim/BenchmarkingPipeline_resources/narrowPeak_files/ENCFF243SGT.bed.gz.sorted	/oak/stanford/groups/akundaje/kmualim/BenchmarkingPipeline_resources/narrowPeak_files/ENCFF876GPI.bed.gz.sorted,/oak/stanford/groups/akundaje/kmualim/BenchmarkingPipeline_resources/narrowPeak_files/ENCFF069BWD.bed.gz.sorted,/oak/stanford/groups/akundaje/kmualim/BenchmarkingPipeline_resources/narrowPeak_files/ENCFF440JOW.bed.gz.sorted
HAP-1_ID_2606	/scratch/groups/engreitz/Users/kmualim/ABC_data/tagAligns/ENCFF162WTC.tagAlign.gz,/scratch/groups/engreitz/Users/kmualim/ABC_data/tagAligns/ENCFF443OOK.tagAlign.gz	/scratch/groups/engreitz/Users/kmualim/ABC_data/tagAligns/ENCFF742SZS.tagAlign.gz,/scratch/groups/engreitz/Users/kmualim/ABC_data/tagAligns/ENCFF525ADD.tagAlign.gz	/oak/stanford/groups/akundaje/kmualim/BenchmarkingPipeline_resources/narrowPeak_files/ENCFF231TRG.bed.gz.sorted,/oak/stanford/groups/akundaje/kmualim/BenchmarkingPipeline_resources/narrowPeak_files/ENCFF061YKH.bed.gz.sorted	/oak/stanford/groups/akundaje/kmualim/BenchmarkingPipeline_resources/narrowPeak_files/ENCFF646CAB.bed.gz.sorted,/oak/stanford/groups/akundaje/kmualim/BenchmarkingPipeline_resources/narrowPeak_files/ENCFF531XJA.bed.gz.sorted,/oak/stanford/groups/akundaje/kmualim/BenchmarkingPipeline_resources/narrowPeak_files/ENCFF698HXT.bed.gz.sorted
HCT116_ID_2645	/scratch/groups/engreitz/Users/kmualim/ABC_data/tagAligns/ENCFF166PCV.se.tagAlign.gz	/scratch/groups/engreitz/Users/kmualim/ABC_data/tagAligns/ENCFF799ZUN.tagAlign.gz,/scratch/groups/engreitz/Users/kmualim/ABC_data/tagAligns/ENCFF977FPK.tagAlign.gz	/oak/stanford/groups/akundaje/kmualim/BenchmarkingPipeline_resources/narrowPeak_files/ENCFF527GRA.bed.gz.sorted,/oak/stanford/groups/akundaje/kmualim/BenchmarkingPipeline_resources/narrowPeak_files/ENCFF547FKC.bed.gz.sorted	/oak/stanford/groups/akundaje/kmualim/BenchmarkingPipeline_resources/narrowPeak_files/ENCFF949DQN.bed.gz.sorted,/oak/stanford/groups/akundaje/kmualim/BenchmarkingPipeline_resources/narrowPeak_files/ENCFF509USN.bed.gz.sorted,/oak/stanford/groups/akundaje/kmualim/BenchmarkingPipeline_resources/narrowPeak_files/ENCFF023WUV.bed.gz.sorted
heart_left_ventricle_ID_169	/scratch/groups/engreitz/Users/kmualim/ABC_data/tagAligns/ENCFF558NDU.tagAlign.gz	/scratch/groups/engreitz/Users/kmualim/ABC_data/tagAligns/ENCFF730PAZ.se.tagAlign.gz	/oak/stanford/groups/akundaje/kmualim/BenchmarkingPipeline_resources/narrowPeak_files/ENCFF458QDV.bed.gz.sorted	/oak/stanford/groups/akundaje/kmualim/BenchmarkingPipeline_resources/narrowPeak_files/ENCFF214YFB.bed.gz.sorted
heart_right_ventricle_ID_232	/scratch/groups/engreitz/Users/kmualim/ABC_data/tagAligns/ENCFF287TWO.tagAlign.gz	/scratch/groups/engreitz/Users/kmualim/ABC_data/tagAligns/ENCFF205TFT.se.tagAlign.gz	/oak/stanford/groups/akundaje/kmualim/BenchmarkingPipeline_resources/narrowPeak_files/ENCFF521JOO.bed.gz.sorted	/oak/stanford/groups/akundaje/kmualim/BenchmarkingPipeline_resources/narrowPeak_files/ENCFF797XLL.bed.gz.sorted
HeLa-S3_ID_389	/scratch/groups/engreitz/Users/kmualim/ABC_data/tagAligns/ENCFF610LUN.se.tagAlign.gz	/scratch/groups/engreitz/Users/kmualim/ABC_data/tagAligns/ENCFF712QHJ.se.tagAlign.gz	/oak/stanford/groups/akundaje/kmualim/BenchmarkingPipeline_resources/narrowPeak_files/ENCFF053MLU.bed.gz.sorted,/oak/stanford/groups/akundaje/kmualim/BenchmarkingPipeline_resources/narrowPeak_files/ENCFF353HPO.bed.gz.sorted	/oak/stanford/groups/akundaje/kmualim/BenchmarkingPipeline_resources/narrowPeak_files/ENCFF857YGK.bed.gz.sorted,/oak/stanford/groups/akundaje/kmualim/BenchmarkingPipeline_resources/narrowPeak_files/ENCFF495VDP.bed.gz.sorted,/oak/stanford/groups/akundaje/kmualim/BenchmarkingPipeline_resources/narrowPeak_files/ENCFF173RMT.bed.gz.sorted
hepatocyte_ID_2623	/scratch/groups/engreitz/Users/kmualim/ABC_data/tagAligns/ENCFF071UJW.se.tagAlign.gz	/scratch/groups/engreitz/Users/kmualim/ABC_data/tagAligns/ENCFF061UBY.se.tagAlign.gz	/oak/stanford/groups/akundaje/kmualim/BenchmarkingPipeline_resources/narrowPeak_files/ENCFF089ZNM.bed.gz.sorted	/oak/stanford/groups/akundaje/kmualim/BenchmarkingPipeline_resources/narrowPeak_files/ENCFF953FGP.bed.gz.sorted,/oak/stanford/groups/akundaje/kmualim/BenchmarkingPipeline_resources/narrowPeak_files/ENCFF096ATZ.bed.gz.sorted,/oak/stanford/groups/akundaje/kmualim/BenchmarkingPipeline_resources/narrowPeak_files/ENCFF043YVG.bed.gz.sorted
HL-60_ID_359	/scratch/groups/engreitz/Users/kmualim/ABC_data/tagAligns/ENCFF310NAD.se.tagAlign.gz	/scratch/groups/engreitz/Users/kmualim/ABC_data/tagAligns/ENCFF364IVU.tagAlign.gz,/scratch/groups/engreitz/Users/kmualim/ABC_data/tagAligns/ENCFF510IXN.tagAlign.gz	/oak/stanford/groups/akundaje/kmualim/BenchmarkingPipeline_resources/narrowPeak_files/ENCFF048NMK.bed.gz.sorted,/oak/stanford/groups/akundaje/kmualim/BenchmarkingPipeline_resources/narrowPeak_files/ENCFF351TBZ.bed.gz.sorted	/oak/stanford/groups/akundaje/kmualim/BenchmarkingPipeline_resources/narrowPeak_files/ENCFF762GEC.bed.gz.sorted,/oak/stanford/groups/akundaje/kmualim/BenchmarkingPipeline_resources/narrowPeak_files/ENCFF920CGL.bed.gz.sorted,/oak/stanford/groups/akundaje/kmualim/BenchmarkingPipeline_resources/narrowPeak_files/ENCFF763UAG.bed.gz.sorted
IMR-90_ID_2627	/scratch/groups/engreitz/Users/kmualim/ABC_data/tagAligns/ENCFF618FFB.se.tagAlign.gz	/scratch/groups/engreitz/Users/kmualim/ABC_data/tagAligns/ENCFF188JME.se.tagAlign.gz	/oak/stanford/groups/akundaje/kmualim/BenchmarkingPipeline_resources/narrowPeak_files/ENCFF417EEA.bed.gz.sorted	/oak/stanford/groups/akundaje/kmualim/BenchmarkingPipeline_resources/narrowPeak_files/ENCFF457QZK.bed.gz.sorted,/oak/stanford/groups/akundaje/kmualim/BenchmarkingPipeline_resources/narrowPeak_files/ENCFF805GNH.bed.gz.sorted,/oak/stanford/groups/akundaje/kmualim/BenchmarkingPipeline_resources/narrowPeak_files/ENCFF110TCY.bed.gz.sorted
iPS_DF_19.11_ID_2663	/scratch/groups/engreitz/Users/kmualim/ABC_data/tagAligns/ENCFF966PEX.se.tagAlign.gz	/scratch/groups/engreitz/Users/kmualim/ABC_data/tagAligns/ENCFF821TYU.se.tagAlign.gz,/scratch/groups/engreitz/Users/kmualim/ABC_data/tagAligns/ENCFF461LZB.se.tagAlign.gz	/oak/stanford/groups/akundaje/kmualim/BenchmarkingPipeline_resources/narrowPeak_files/ENCFF172GXY.bed.gz.sorted	/oak/stanford/groups/akundaje/kmualim/BenchmarkingPipeline_resources/narrowPeak_files/ENCFF225NYK.bed.gz.sorted,/oak/stanford/groups/akundaje/kmualim/BenchmarkingPipeline_resources/narrowPeak_files/ENCFF035PHP.bed.gz.sorted,/oak/stanford/groups/akundaje/kmualim/BenchmarkingPipeline_resources/narrowPeak_files/ENCFF037RXP.bed.gz.sorted
iPS_DF_6.9_ID_2647	/scratch/groups/engreitz/Users/kmualim/ABC_data/tagAligns/ENCFF138HXB.se.tagAlign.gz	/scratch/groups/engreitz/Users/kmualim/ABC_data/tagAligns/ENCFF482OZK.se.tagAlign.gz	/oak/stanford/groups/akundaje/kmualim/BenchmarkingPipeline_resources/narrowPeak_files/ENCFF668UYX.bed.gz.sorted	/oak/stanford/groups/akundaje/kmualim/BenchmarkingPipeline_resources/narrowPeak_files/ENCFF756WJX.bed.gz.sorted
K562_ID_2644	/scratch/groups/engreitz/Users/kmualim/ABC_data/tagAligns/ENCFF860XAE.se.tagAlign.gz	/scratch/groups/engreitz/Users/kmualim/ABC_data/tagAligns/ENCFF790GFL.se.tagAlign.gz	/oak/stanford/groups/akundaje/kmualim/BenchmarkingPipeline_resources/narrowPeak_files/ENCFF638QFS.bed.gz.sorted,/oak/stanford/groups/akundaje/kmualim/BenchmarkingPipeline_resources/narrowPeak_files/ENCFF784DIM.bed.gz.sorted	/oak/stanford/groups/akundaje/kmualim/BenchmarkingPipeline_resources/narrowPeak_files/ENCFF878ECB.bed.gz.sorted,/oak/stanford/groups/akundaje/kmualim/BenchmarkingPipeline_resources/narrowPeak_files/ENCFF169ZQQ.bed.gz.sorted,/oak/stanford/groups/akundaje/kmualim/BenchmarkingPipeline_resources/narrowPeak_files/ENCFF439SDV.bed.gz.sorted
Karpas-422_ID_2661	/scratch/groups/engreitz/Users/kmualim/ABC_data/tagAligns/ENCFF046SMR.tagAlign.gz,/scratch/groups/engreitz/Users/kmualim/ABC_data/tagAligns/ENCFF438PJC.tagAlign.gz	/scratch/groups/engreitz/Users/kmualim/ABC_data/tagAligns/ENCFF680GBK.se.tagAlign.gz,/scratch/groups/engreitz/Users/kmualim/ABC_data/tagAligns/ENCFF910FWF.se.tagAlign.gz	/oak/stanford/groups/akundaje/kmualim/BenchmarkingPipeline_resources/narrowPeak_files/ENCFF012ADG.bed.gz.sorted,/oak/stanford/groups/akundaje/kmualim/BenchmarkingPipeline_resources/narrowPeak_files/ENCFF898UUD.bed.gz.sorted	/oak/stanford/groups/akundaje/kmualim/BenchmarkingPipeline_resources/narrowPeak_files/ENCFF509MUW.bed.gz.sorted,/oak/stanford/groups/akundaje/kmualim/BenchmarkingPipeline_resources/narrowPeak_files/ENCFF606FJV.bed.gz.sorted,/oak/stanford/groups/akundaje/kmualim/BenchmarkingPipeline_resources/narrowPeak_files/ENCFF626GHC.bed.gz.sorted
keratinocyte_ID_2339	/scratch/groups/engreitz/Users/kmualim/ABC_data/tagAligns/ENCFF474YKG.se.tagAlign.gz	/scratch/groups/engreitz/Users/kmualim/ABC_data/tagAligns/ENCFF299ZJS.se.tagAlign.gz	/oak/stanford/groups/akundaje/kmualim/BenchmarkingPipeline_resources/narrowPeak_files/ENCFF011WVC.bed.gz.sorted,/oak/stanford/groups/akundaje/kmualim/BenchmarkingPipeline_resources/narrowPeak_files/ENCFF358VOS.bed.gz.sorted	/oak/stanford/groups/akundaje/kmualim/BenchmarkingPipeline_resources/narrowPeak_files/ENCFF784ZUB.bed.gz.sorted,/oak/stanford/groups/akundaje/kmualim/BenchmarkingPipeline_resources/narrowPeak_files/ENCFF578GNF.bed.gz.sorted,/oak/stanford/groups/akundaje/kmualim/BenchmarkingPipeline_resources/narrowPeak_files/ENCFF588NPL.bed.gz.sorted
large_intestine_ID_2397	/scratch/groups/engreitz/Users/kmualim/ABC_data/tagAligns/ENCFF672GFS.se.tagAlign.gz	/scratch/groups/engreitz/Users/kmualim/ABC_data/tagAligns/ENCFF387RKC.se.tagAlign.gz	/oak/stanford/groups/akundaje/kmualim/BenchmarkingPipeline_resources/narrowPeak_files/ENCFF959WFA.bed.gz.sorted	/oak/stanford/groups/akundaje/kmualim/BenchmarkingPipeline_resources/narrowPeak_files/ENCFF275GAS.bed.gz.sorted
left_lung_ID_2346	/scratch/groups/engreitz/Users/kmualim/ABC_data/tagAligns/ENCFF050APU.tagAlign.gz	/scratch/groups/engreitz/Users/kmualim/ABC_data/tagAligns/ENCFF135FPL.se.tagAlign.gz	/oak/stanford/groups/akundaje/kmualim/BenchmarkingPipeline_resources/narrowPeak_files/ENCFF671KTD.bed.gz.sorted	/oak/stanford/groups/akundaje/kmualim/BenchmarkingPipeline_resources/narrowPeak_files/ENCFF683QWQ.bed.gz.sorted
left_ventricle_myocardium_inferior_ID_2378	/scratch/groups/engreitz/Users/kmualim/ABC_data/tagAligns/ENCFF616QAS.tagAlign.gz	/scratch/groups/engreitz/Users/kmualim/ABC_data/tagAligns/ENCFF260DUN.se.tagAlign.gz	/oak/stanford/groups/akundaje/kmualim/BenchmarkingPipeline_resources/narrowPeak_files/ENCFF003CAJ.bed.gz.sorted	/oak/stanford/groups/akundaje/kmualim/BenchmarkingPipeline_resources/narrowPeak_files/ENCFF340SAM.bed.gz.sorted,/oak/stanford/groups/akundaje/kmualim/BenchmarkingPipeline_resources/narrowPeak_files/ENCFF419IDT.bed.gz.sorted,/oak/stanford/groups/akundaje/kmualim/BenchmarkingPipeline_resources/narrowPeak_files/ENCFF202OII.bed.gz.sorted
liver_ID_411	/scratch/groups/engreitz/Users/kmualim/ABC_data/tagAligns/ENCFF427KDL.tagAlign.gz	/scratch/groups/engreitz/Users/kmualim/ABC_data/tagAligns/ENCFF580JIQ.se.tagAlign.gz	/oak/stanford/groups/akundaje/kmualim/BenchmarkingPipeline_resources/narrowPeak_files/ENCFF535JZR.bed.gz.sorted	/oak/stanford/groups/akundaje/kmualim/BenchmarkingPipeline_resources/narrowPeak_files/ENCFF287VIA.bed.gz.sorted
lower_lobe_of_left_lung_ID_55	/scratch/groups/engreitz/Users/kmualim/ABC_data/tagAligns/ENCFF816ANC.tagAlign.gz	/scratch/groups/engreitz/Users/kmualim/ABC_data/tagAligns/ENCFF603LSK.se.tagAlign.gz	/oak/stanford/groups/akundaje/kmualim/BenchmarkingPipeline_resources/narrowPeak_files/ENCFF929HVI.bed.gz.sorted	/oak/stanford/groups/akundaje/kmualim/BenchmarkingPipeline_resources/narrowPeak_files/ENCFF448PFH.bed.gz.sorted
lung_ID_2152	/scratch/groups/engreitz/Users/kmualim/ABC_data/tagAligns/ENCFF369PHJ.tagAlign.gz	/scratch/groups/engreitz/Users/kmualim/ABC_data/tagAligns/ENCFF295PKJ.se.tagAlign.gz	/oak/stanford/groups/akundaje/kmualim/BenchmarkingPipeline_resources/narrowPeak_files/ENCFF365NLK.bed.gz.sorted	/oak/stanford/groups/akundaje/kmualim/BenchmarkingPipeline_resources/narrowPeak_files/ENCFF314QTE.bed.gz.sorted
mammary_epithelial_cell_ID_2625	/scratch/groups/engreitz/Users/kmualim/ABC_data/tagAligns/ENCFF296UEM.se.tagAlign.gz	/scratch/groups/engreitz/Users/kmualim/ABC_data/tagAligns/ENCFF041ROD.se.tagAlign.gz	/oak/stanford/groups/akundaje/kmualim/BenchmarkingPipeline_resources/narrowPeak_files/ENCFF232GBX.bed.gz.sorted,/oak/stanford/groups/akundaje/kmualim/BenchmarkingPipeline_resources/narrowPeak_files/ENCFF628QME.bed.gz.sorted	/oak/stanford/groups/akundaje/kmualim/BenchmarkingPipeline_resources/narrowPeak_files/ENCFF768BYY.bed.gz.sorted,/oak/stanford/groups/akundaje/kmualim/BenchmarkingPipeline_resources/narrowPeak_files/ENCFF929WUQ.bed.gz.sorted,/oak/stanford/groups/akundaje/kmualim/BenchmarkingPipeline_resources/narrowPeak_files/ENCFF202WWA.bed.gz.sorted
MCF-7_ID_353	/scratch/groups/engreitz/Users/kmualim/ABC_data/tagAligns/ENCFF429VEC.se.tagAlign.gz	/scratch/groups/engreitz/Users/kmualim/ABC_data/tagAligns/ENCFF595GSO.se.tagAlign.gz	/oak/stanford/groups/akundaje/kmualim/BenchmarkingPipeline_resources/narrowPeak_files/ENCFF250GOB.bed.gz.sorted,/oak/stanford/groups/akundaje/kmualim/BenchmarkingPipeline_resources/narrowPeak_files/ENCFF738JPE.bed.gz.sorted	/oak/stanford/groups/akundaje/kmualim/BenchmarkingPipeline_resources/narrowPeak_files/ENCFF040YMD.bed.gz.sorted,/oak/stanford/groups/akundaje/kmualim/BenchmarkingPipeline_resources/narrowPeak_files/ENCFF840OSY.bed.gz.sorted,/oak/stanford/groups/akundaje/kmualim/BenchmarkingPipeline_resources/narrowPeak_files/ENCFF014WND.bed.gz.sorted
mesenchymal_stem_cell_ID_2749	/scratch/groups/engreitz/Users/kmualim/ABC_data/tagAligns/ENCFF474HCY.tagAlign.gz	/scratch/groups/engreitz/Users/kmualim/ABC_data/tagAligns/ENCFF214ROW.se.tagAlign.gz	/oak/stanford/groups/akundaje/kmualim/BenchmarkingPipeline_resources/narrowPeak_files/ENCFF684GJJ.bed.gz.sorted	/oak/stanford/groups/akundaje/kmualim/BenchmarkingPipeline_resources/narrowPeak_files/ENCFF279UPV.bed.gz.sorted,/oak/stanford/groups/akundaje/kmualim/BenchmarkingPipeline_resources/narrowPeak_files/ENCFF071FJA.bed.gz.sorted,/oak/stanford/groups/akundaje/kmualim/BenchmarkingPipeline_resources/narrowPeak_files/ENCFF864MDD.bed.gz.sorted
mesendoderm_ID_2640	/scratch/groups/engreitz/Users/kmualim/ABC_data/tagAligns/ENCFF585KAH.se.tagAlign.gz	/scratch/groups/engreitz/Users/kmualim/ABC_data/tagAligns/ENCFF513CDW.se.tagAlign.gz	/oak/stanford/groups/akundaje/kmualim/BenchmarkingPipeline_resources/narrowPeak_files/ENCFF476ZZV.bed.gz.sorted	/oak/stanford/groups/akundaje/kmualim/BenchmarkingPipeline_resources/narrowPeak_files/ENCFF808YDZ.bed.gz.sorted,/oak/stanford/groups/akundaje/kmualim/BenchmarkingPipeline_resources/narrowPeak_files/ENCFF942OVU.bed.gz.sorted,/oak/stanford/groups/akundaje/kmualim/BenchmarkingPipeline_resources/narrowPeak_files/ENCFF353XTU.bed.gz.sorted
middle_frontal_area_46_ID_414	/scratch/groups/engreitz/Users/kmualim/ABC_data/tagAligns/ENCFF507QWT.tagAlign.gz	/scratch/groups/engreitz/Users/kmualim/ABC_data/tagAligns/ENCFF932FVV.se.tagAlign.gz	/oak/stanford/groups/akundaje/kmualim/BenchmarkingPipeline_resources/narrowPeak_files/ENCFF750SYW.bed.gz.sorted	/oak/stanford/groups/akundaje/kmualim/BenchmarkingPipeline_resources/narrowPeak_files/ENCFF229NLK.bed.gz.sorted
MM.1S_ID_2179	/scratch/groups/engreitz/Users/kmualim/ABC_data/tagAligns/ENCFF319IZZ.tagAlign.gz	/scratch/groups/engreitz/Users/kmualim/ABC_data/tagAligns/ENCFF498RUH.se.tagAlign.gz	/oak/stanford/groups/akundaje/kmualim/BenchmarkingPipeline_resources/narrowPeak_files/ENCFF720OWT.bed.gz.sorted	/oak/stanford/groups/akundaje/kmualim/BenchmarkingPipeline_resources/narrowPeak_files/ENCFF534DZN.bed.gz.sorted,/oak/stanford/groups/akundaje/kmualim/BenchmarkingPipeline_resources/narrowPeak_files/ENCFF936XTT.bed.gz.sorted,/oak/stanford/groups/akundaje/kmualim/BenchmarkingPipeline_resources/narrowPeak_files/ENCFF228UVG.bed.gz.sorted
muscle_of_leg_ID_2610	/scratch/groups/engreitz/Users/kmualim/ABC_data/tagAligns/ENCFF861RFY.se.tagAlign.gz	/scratch/groups/engreitz/Users/kmualim/ABC_data/tagAligns/ENCFF849GIZ.se.tagAlign.gz	/oak/stanford/groups/akundaje/kmualim/BenchmarkingPipeline_resources/narrowPeak_files/ENCFF721BHY.bed.gz.sorted	/oak/stanford/groups/akundaje/kmualim/BenchmarkingPipeline_resources/narrowPeak_files/ENCFF154ZCF.bed.gz.sorted
muscle_of_trunk_ID_2601	/scratch/groups/engreitz/Users/kmualim/ABC_data/tagAligns/ENCFF268CMB.se.tagAlign.gz	/scratch/groups/engreitz/Users/kmualim/ABC_data/tagAligns/ENCFF763MLK.se.tagAlign.gz	/oak/stanford/groups/akundaje/kmualim/BenchmarkingPipeline_resources/narrowPeak_files/ENCFF818WYB.bed.gz.sorted	/oak/stanford/groups/akundaje/kmualim/BenchmarkingPipeline_resources/narrowPeak_files/ENCFF859UCD.bed.gz.sorted
myotube_ID_2176	/scratch/groups/engreitz/Users/kmualim/ABC_data/tagAligns/ENCFF806BLV.se.tagAlign.gz	/scratch/groups/engreitz/Users/kmualim/ABC_data/tagAligns/ENCFF051NJJ.se.tagAlign.gz	/oak/stanford/groups/akundaje/kmualim/BenchmarkingPipeline_resources/narrowPeak_files/ENCFF961KQA.bed.gz.sorted,/oak/stanford/groups/akundaje/kmualim/BenchmarkingPipeline_resources/narrowPeak_files/ENCFF888UNX.bed.gz.sorted	/oak/stanford/groups/akundaje/kmualim/BenchmarkingPipeline_resources/narrowPeak_files/ENCFF888TSH.bed.gz.sorted,/oak/stanford/groups/akundaje/kmualim/BenchmarkingPipeline_resources/narrowPeak_files/ENCFF942ZUQ.bed.gz.sorted,/oak/stanford/groups/akundaje/kmualim/BenchmarkingPipeline_resources/narrowPeak_files/ENCFF811IHY.bed.gz.sorted
natural_killer_cell_ID_2608	/scratch/groups/engreitz/Users/kmualim/ABC_data/tagAligns/ENCFF989PWI.se.tagAlign.gz	/scratch/groups/engreitz/Users/kmualim/ABC_data/tagAligns/ENCFF608KEW.se.tagAlign.gz	/oak/stanford/groups/akundaje/kmualim/BenchmarkingPipeline_resources/narrowPeak_files/ENCFF145VKG.bed.gz.sorted	/oak/stanford/groups/akundaje/kmualim/BenchmarkingPipeline_resources/narrowPeak_files/ENCFF800YIB.bed.gz.sorted
NCI-H929_ID_2604	/scratch/groups/engreitz/Users/kmualim/ABC_data/tagAligns/ENCFF910XNY.tagAlign.gz,/scratch/groups/engreitz/Users/kmualim/ABC_data/tagAligns/ENCFF369NRI.tagAlign.gz	/scratch/groups/engreitz/Users/kmualim/ABC_data/tagAligns/ENCFF670RFC.tagAlign.gz,/scratch/groups/engreitz/Users/kmualim/ABC_data/tagAligns/ENCFF230NOF.tagAlign.gz	/oak/stanford/groups/akundaje/kmualim/BenchmarkingPipeline_resources/narrowPeak_files/ENCFF757IJO.bed.gz.sorted,/oak/stanford/groups/akundaje/kmualim/BenchmarkingPipeline_resources/narrowPeak_files/ENCFF505RYO.bed.gz.sorted	/oak/stanford/groups/akundaje/kmualim/BenchmarkingPipeline_resources/narrowPeak_files/ENCFF692TYT.bed.gz.sorted,/oak/stanford/groups/akundaje/kmualim/BenchmarkingPipeline_resources/narrowPeak_files/ENCFF447YWC.bed.gz.sorted,/oak/stanford/groups/akundaje/kmualim/BenchmarkingPipeline_resources/narrowPeak_files/ENCFF553MQN.bed.gz.sorted
neuronal_stem_cell_ID_2716	/scratch/groups/engreitz/Users/kmualim/ABC_data/tagAligns/ENCFF204GFI.se.tagAlign.gz	/scratch/groups/engreitz/Users/kmualim/ABC_data/tagAligns/ENCFF319REM.se.tagAlign.gz	/oak/stanford/groups/akundaje/kmualim/BenchmarkingPipeline_resources/narrowPeak_files/ENCFF157QJJ.bed.gz.sorted	/oak/stanford/groups/akundaje/kmualim/BenchmarkingPipeline_resources/narrowPeak_files/ENCFF021JTX.bed.gz.sorted,/oak/stanford/groups/akundaje/kmualim/BenchmarkingPipeline_resources/narrowPeak_files/ENCFF969ART.bed.gz.sorted,/oak/stanford/groups/akundaje/kmualim/BenchmarkingPipeline_resources/narrowPeak_files/ENCFF418ZLO.bed.gz.sorted,/oak/stanford/groups/akundaje/kmualim/BenchmarkingPipeline_resources/narrowPeak_files/ENCFF280SIU.bed.gz.sorted
osteoblast_ID_2177	/scratch/groups/engreitz/Users/kmualim/ABC_data/tagAligns/ENCFF977LFT.se.tagAlign.gz	/scratch/groups/engreitz/Users/kmualim/ABC_data/tagAligns/ENCFF509IKG.se.tagAlign.gz	/oak/stanford/groups/akundaje/kmualim/BenchmarkingPipeline_resources/narrowPeak_files/ENCFF195EHM.bed.gz.sorted	/oak/stanford/groups/akundaje/kmualim/BenchmarkingPipeline_resources/narrowPeak_files/ENCFF298FQQ.bed.gz.sorted,/oak/stanford/groups/akundaje/kmualim/BenchmarkingPipeline_resources/narrowPeak_files/ENCFF963UIC.bed.gz.sorted,/oak/stanford/groups/akundaje/kmualim/BenchmarkingPipeline_resources/narrowPeak_files/ENCFF131PNT.bed.gz.sorted
ovary_ID_325	/scratch/groups/engreitz/Users/kmualim/ABC_data/tagAligns/ENCFF072TLG.tagAlign.gz	/scratch/groups/engreitz/Users/kmualim/ABC_data/tagAligns/ENCFF497BXP.se.tagAlign.gz	/oak/stanford/groups/akundaje/kmualim/BenchmarkingPipeline_resources/narrowPeak_files/ENCFF500HAK.bed.gz.sorted	/oak/stanford/groups/akundaje/kmualim/BenchmarkingPipeline_resources/narrowPeak_files/ENCFF328KKO.bed.gz.sorted
Panc1_ID_2630	/scratch/groups/engreitz/Users/kmualim/ABC_data/tagAligns/ENCFF313EDO.se.tagAlign.gz	/scratch/groups/engreitz/Users/kmualim/ABC_data/tagAligns/ENCFF146CFC.se.tagAlign.gz	/oak/stanford/groups/akundaje/kmualim/BenchmarkingPipeline_resources/narrowPeak_files/ENCFF650TJF.bed.gz.sorted,/oak/stanford/groups/akundaje/kmualim/BenchmarkingPipeline_resources/narrowPeak_files/ENCFF412OUB.bed.gz.sorted	/oak/stanford/groups/akundaje/kmualim/BenchmarkingPipeline_resources/narrowPeak_files/ENCFF579DQM.bed.gz.sorted,/oak/stanford/groups/akundaje/kmualim/BenchmarkingPipeline_resources/narrowPeak_files/ENCFF079UIK.bed.gz.sorted,/oak/stanford/groups/akundaje/kmualim/BenchmarkingPipeline_resources/narrowPeak_files/ENCFF910NXP.bed.gz.sorted
pancreas_ID_274	/scratch/groups/engreitz/Users/kmualim/ABC_data/tagAligns/ENCFF456GDF.tagAlign.gz	/scratch/groups/engreitz/Users/kmualim/ABC_data/tagAligns/ENCFF181NJO.se.tagAlign.gz	/oak/stanford/groups/akundaje/kmualim/BenchmarkingPipeline_resources/narrowPeak_files/ENCFF159YBO.bed.gz.sorted	/oak/stanford/groups/akundaje/kmualim/BenchmarkingPipeline_resources/narrowPeak_files/ENCFF664FHI.bed.gz.sorted,/oak/stanford/groups/akundaje/kmualim/BenchmarkingPipeline_resources/narrowPeak_files/ENCFF906FPM.bed.gz.sorted,/oak/stanford/groups/akundaje/kmualim/BenchmarkingPipeline_resources/narrowPeak_files/ENCFF246JWY.bed.gz.sorted
Peyers_patch_ID_2698	/scratch/groups/engreitz/Users/kmualim/ABC_data/tagAligns/ENCFF799FGK.tagAlign.gz	/scratch/groups/engreitz/Users/kmualim/ABC_data/tagAligns/ENCFF705UNY.se.tagAlign.gz	/oak/stanford/groups/akundaje/kmualim/BenchmarkingPipeline_resources/narrowPeak_files/ENCFF892ARW.bed.gz.sorted	/oak/stanford/groups/akundaje/kmualim/BenchmarkingPipeline_resources/narrowPeak_files/ENCFF579OOI.bed.gz.sorted
placenta_ID_391	/scratch/groups/engreitz/Users/kmualim/ABC_data/tagAligns/ENCFF446RVL.tagAlign.gz	/scratch/groups/engreitz/Users/kmualim/ABC_data/tagAligns/ENCFF152HGT.se.tagAlign.gz	/oak/stanford/groups/akundaje/kmualim/BenchmarkingPipeline_resources/narrowPeak_files/ENCFF925IJX.bed.gz.sorted	/oak/stanford/groups/akundaje/kmualim/BenchmarkingPipeline_resources/narrowPeak_files/ENCFF297NSU.bed.gz.sorted
prostate_gland_ID_2763	/scratch/groups/engreitz/Users/kmualim/ABC_data/tagAligns/ENCFF084DLF.tagAlign.gz	/scratch/groups/engreitz/Users/kmualim/ABC_data/tagAligns/ENCFF749UHJ.se.tagAlign.gz	/oak/stanford/groups/akundaje/kmualim/BenchmarkingPipeline_resources/narrowPeak_files/ENCFF557QYU.bed.gz.sorted	/oak/stanford/groups/akundaje/kmualim/BenchmarkingPipeline_resources/narrowPeak_files/ENCFF551MWX.bed.gz.sorted,/oak/stanford/groups/akundaje/kmualim/BenchmarkingPipeline_resources/narrowPeak_files/ENCFF644HLZ.bed.gz.sorted,/oak/stanford/groups/akundaje/kmualim/BenchmarkingPipeline_resources/narrowPeak_files/ENCFF294UMR.bed.gz.sorted
psoas_muscle_ID_2122	/scratch/groups/engreitz/Users/kmualim/ABC_data/tagAligns/ENCFF215SXQ.se.tagAlign.gz	/scratch/groups/engreitz/Users/kmualim/ABC_data/tagAligns/ENCFF321RLW.se.tagAlign.gz	/oak/stanford/groups/akundaje/kmualim/BenchmarkingPipeline_resources/narrowPeak_files/ENCFF710XUB.bed.gz.sorted,/oak/stanford/groups/akundaje/kmualim/BenchmarkingPipeline_resources/narrowPeak_files/ENCFF336IOL.bed.gz.sorted	/oak/stanford/groups/akundaje/kmualim/BenchmarkingPipeline_resources/narrowPeak_files/ENCFF464RXV.bed.gz.sorted
right_atrium_auricular_region_ID_2728	/scratch/groups/engreitz/Users/kmualim/ABC_data/tagAligns/ENCFF068EYV.tagAlign.gz	/scratch/groups/engreitz/Users/kmualim/ABC_data/tagAligns/ENCFF258ZUX.se.tagAlign.gz	/oak/stanford/groups/akundaje/kmualim/BenchmarkingPipeline_resources/narrowPeak_files/ENCFF248VEV.bed.gz.sorted	/oak/stanford/groups/akundaje/kmualim/BenchmarkingPipeline_resources/narrowPeak_files/ENCFF970DMJ.bed.gz.sorted
right_cardiac_atrium_ID_322	/scratch/groups/engreitz/Users/kmualim/ABC_data/tagAligns/ENCFF369ITQ.tagAlign.gz	/scratch/groups/engreitz/Users/kmualim/ABC_data/tagAligns/ENCFF780PGC.se.tagAlign.gz	/oak/stanford/groups/akundaje/kmualim/BenchmarkingPipeline_resources/narrowPeak_files/ENCFF312TER.bed.gz.sorted	/oak/stanford/groups/akundaje/kmualim/BenchmarkingPipeline_resources/narrowPeak_files/ENCFF153OUB.bed.gz.sorted
right_lobe_of_liver_ID_383	/scratch/groups/engreitz/Users/kmualim/ABC_data/tagAligns/ENCFF427BNB.tagAlign.gz	/scratch/groups/engreitz/Users/kmualim/ABC_data/tagAligns/ENCFF152LRJ.se.tagAlign.gz	/oak/stanford/groups/akundaje/kmualim/BenchmarkingPipeline_resources/narrowPeak_files/ENCFF912XTH.bed.gz.sorted	/oak/stanford/groups/akundaje/kmualim/BenchmarkingPipeline_resources/narrowPeak_files/ENCFF382EMP.bed.gz.sorted,/oak/stanford/groups/akundaje/kmualim/BenchmarkingPipeline_resources/narrowPeak_files/ENCFF355UWI.bed.gz.sorted,/oak/stanford/groups/akundaje/kmualim/BenchmarkingPipeline_resources/narrowPeak_files/ENCFF375NEZ.bed.gz.sorted
RWPE2_ID_2121	/scratch/groups/engreitz/Users/kmualim/ABC_data/tagAligns/ENCFF512AOX.tagAlign.gz,/scratch/groups/engreitz/Users/kmualim/ABC_data/tagAligns/ENCFF407ORW.tagAlign.gz	/scratch/groups/engreitz/Users/kmualim/ABC_data/tagAligns/ENCFF246EDR.tagAlign.gz,/scratch/groups/engreitz/Users/kmualim/ABC_data/tagAligns/ENCFF132EYY.tagAlign.gz	/oak/stanford/groups/akundaje/kmualim/BenchmarkingPipeline_resources/narrowPeak_files/ENCFF326QQQ.bed.gz.sorted,/oak/stanford/groups/akundaje/kmualim/BenchmarkingPipeline_resources/narrowPeak_files/ENCFF813AKH.bed.gz.sorted	/oak/stanford/groups/akundaje/kmualim/BenchmarkingPipeline_resources/narrowPeak_files/ENCFF123CGR.bed.gz.sorted,/oak/stanford/groups/akundaje/kmualim/BenchmarkingPipeline_resources/narrowPeak_files/ENCFF171PON.bed.gz.sorted,/oak/stanford/groups/akundaje/kmualim/BenchmarkingPipeline_resources/narrowPeak_files/ENCFF189ZSN.bed.gz.sorted
sigmoid_colon_ID_2752	/scratch/groups/engreitz/Users/kmualim/ABC_data/tagAligns/ENCFF531YYI.tagAlign.gz	/scratch/groups/engreitz/Users/kmualim/ABC_data/tagAligns/ENCFF340LGW.se.tagAlign.gz	/oak/stanford/groups/akundaje/kmualim/BenchmarkingPipeline_resources/narrowPeak_files/ENCFF341SXW.bed.gz.sorted	/oak/stanford/groups/akundaje/kmualim/BenchmarkingPipeline_resources/narrowPeak_files/ENCFF759DJM.bed.gz.sorted
SJCRH30_ID_2119	/scratch/groups/engreitz/Users/kmualim/ABC_data/tagAligns/ENCFF477YUQ.tagAlign.gz,/scratch/groups/engreitz/Users/kmualim/ABC_data/tagAligns/ENCFF102QDV.tagAlign.gz	/scratch/groups/engreitz/Users/kmualim/ABC_data/tagAligns/ENCFF743FZM.tagAlign.gz,/scratch/groups/engreitz/Users/kmualim/ABC_data/tagAligns/ENCFF721URQ.tagAlign.gz	/oak/stanford/groups/akundaje/kmualim/BenchmarkingPipeline_resources/narrowPeak_files/ENCFF716DYT.bed.gz.sorted,/oak/stanford/groups/akundaje/kmualim/BenchmarkingPipeline_resources/narrowPeak_files/ENCFF428YSY.bed.gz.sorted	/oak/stanford/groups/akundaje/kmualim/BenchmarkingPipeline_resources/narrowPeak_files/ENCFF127LJD.bed.gz.sorted,/oak/stanford/groups/akundaje/kmualim/BenchmarkingPipeline_resources/narrowPeak_files/ENCFF787TTT.bed.gz.sorted,/oak/stanford/groups/akundaje/kmualim/BenchmarkingPipeline_resources/narrowPeak_files/ENCFF760KFQ.bed.gz.sorted
SJSA1_ID_368	/scratch/groups/engreitz/Users/kmualim/ABC_data/tagAligns/ENCFF726YVN.tagAlign.gz,/scratch/groups/engreitz/Users/kmualim/ABC_data/tagAligns/ENCFF177HIF.tagAlign.gz	/scratch/groups/engreitz/Users/kmualim/ABC_data/tagAligns/ENCFF174GEJ.tagAlign.gz,/scratch/groups/engreitz/Users/kmualim/ABC_data/tagAligns/ENCFF238CFV.tagAlign.gz	/oak/stanford/groups/akundaje/kmualim/BenchmarkingPipeline_resources/narrowPeak_files/ENCFF785CSL.bed.gz.sorted,/oak/stanford/groups/akundaje/kmualim/BenchmarkingPipeline_resources/narrowPeak_files/ENCFF013DKA.bed.gz.sorted	/oak/stanford/groups/akundaje/kmualim/BenchmarkingPipeline_resources/narrowPeak_files/ENCFF260ZKR.bed.gz.sorted,/oak/stanford/groups/akundaje/kmualim/BenchmarkingPipeline_resources/narrowPeak_files/ENCFF058RVC.bed.gz.sorted,/oak/stanford/groups/akundaje/kmualim/BenchmarkingPipeline_resources/narrowPeak_files/ENCFF156VAZ.bed.gz.sorted
skeletal_muscle_myoblast_ID_2714	/scratch/groups/engreitz/Users/kmualim/ABC_data/tagAligns/ENCFF372SZT.se.tagAlign.gz	/scratch/groups/engreitz/Users/kmualim/ABC_data/tagAligns/ENCFF702NBI.se.tagAlign.gz	/oak/stanford/groups/akundaje/kmualim/BenchmarkingPipeline_resources/narrowPeak_files/ENCFF381RGE.bed.gz.sorted,/oak/stanford/groups/akundaje/kmualim/BenchmarkingPipeline_resources/narrowPeak_files/ENCFF711DSC.bed.gz.sorted	/oak/stanford/groups/akundaje/kmualim/BenchmarkingPipeline_resources/narrowPeak_files/ENCFF445BFE.bed.gz.sorted,/oak/stanford/groups/akundaje/kmualim/BenchmarkingPipeline_resources/narrowPeak_files/ENCFF673NHH.bed.gz.sorted,/oak/stanford/groups/akundaje/kmualim/BenchmarkingPipeline_resources/narrowPeak_files/ENCFF472RKT.bed.gz.sorted
small_intestine_ID_2547	/scratch/groups/engreitz/Users/kmualim/ABC_data/tagAligns/ENCFF272EZX.se.tagAlign.gz	/scratch/groups/engreitz/Users/kmualim/ABC_data/tagAligns/ENCFF257TPQ.se.tagAlign.gz	/oak/stanford/groups/akundaje/kmualim/BenchmarkingPipeline_resources/narrowPeak_files/ENCFF189GZI.bed.gz.sorted	/oak/stanford/groups/akundaje/kmualim/BenchmarkingPipeline_resources/narrowPeak_files/ENCFF074WDV.bed.gz.sorted
small_intestine_ID_2550	/scratch/groups/engreitz/Users/kmualim/ABC_data/tagAligns/ENCFF272EZX.se.tagAlign.gz	/scratch/groups/engreitz/Users/kmualim/ABC_data/tagAligns/ENCFF181JQV.se.tagAlign.gz	/oak/stanford/groups/akundaje/kmualim/BenchmarkingPipeline_resources/narrowPeak_files/ENCFF189GZI.bed.gz.sorted	/oak/stanford/groups/akundaje/kmualim/BenchmarkingPipeline_resources/narrowPeak_files/ENCFF618CUQ.bed.gz.sorted
spinal_cord_ID_2635	/scratch/groups/engreitz/Users/kmualim/ABC_data/tagAligns/ENCFF765CIP.se.tagAlign.gz	/scratch/groups/engreitz/Users/kmualim/ABC_data/tagAligns/ENCFF630XZP.se.tagAlign.gz	/oak/stanford/groups/akundaje/kmualim/BenchmarkingPipeline_resources/narrowPeak_files/ENCFF388BLR.bed.gz.sorted	/oak/stanford/groups/akundaje/kmualim/BenchmarkingPipeline_resources/narrowPeak_files/ENCFF516MFW.bed.gz.sorted
spleen_ID_1	/scratch/groups/engreitz/Users/kmualim/ABC_data/tagAligns/ENCFF932JKV.tagAlign.gz	/scratch/groups/engreitz/Users/kmualim/ABC_data/tagAligns/ENCFF451IRO.se.tagAlign.gz	/oak/stanford/groups/akundaje/kmualim/BenchmarkingPipeline_resources/narrowPeak_files/ENCFF706OCJ.bed.gz.sorted	/oak/stanford/groups/akundaje/kmualim/BenchmarkingPipeline_resources/narrowPeak_files/ENCFF758DTU.bed.gz.sorted
stomach_ID_2411	/scratch/groups/engreitz/Users/kmualim/ABC_data/tagAligns/ENCFF939RXC.se.tagAlign.gz	/scratch/groups/engreitz/Users/kmualim/ABC_data/tagAligns/ENCFF155XPN.se.tagAlign.gz	/oak/stanford/groups/akundaje/kmualim/BenchmarkingPipeline_resources/narrowPeak_files/ENCFF423KVX.bed.gz.sorted	/oak/stanford/groups/akundaje/kmualim/BenchmarkingPipeline_resources/narrowPeak_files/ENCFF736SWI.bed.gz.sorted
suprapubic_skin_ID_2750	/scratch/groups/engreitz/Users/kmualim/ABC_data/tagAligns/ENCFF134TIX.tagAlign.gz	/scratch/groups/engreitz/Users/kmualim/ABC_data/tagAligns/ENCFF973YUI.se.tagAlign.gz	/oak/stanford/groups/akundaje/kmualim/BenchmarkingPipeline_resources/narrowPeak_files/ENCFF281PPW.bed.gz.sorted	/oak/stanford/groups/akundaje/kmualim/BenchmarkingPipeline_resources/narrowPeak_files/ENCFF398EEO.bed.gz.sorted
T-cell_ID_61	/scratch/groups/engreitz/Users/kmualim/ABC_data/tagAligns/ENCFF126MXQ.tagAlign.gz	/scratch/groups/engreitz/Users/kmualim/ABC_data/tagAligns/ENCFF961CNU.se.tagAlign.gz	/oak/stanford/groups/akundaje/kmualim/BenchmarkingPipeline_resources/narrowPeak_files/ENCFF842BPR.bed.gz.sorted	/oak/stanford/groups/akundaje/kmualim/BenchmarkingPipeline_resources/narrowPeak_files/ENCFF653VLZ.bed.gz.sorted
testis_ID_2718	/scratch/groups/engreitz/Users/kmualim/ABC_data/tagAligns/ENCFF882ETO.se.tagAlign.gz	/scratch/groups/engreitz/Users/kmualim/ABC_data/tagAligns/ENCFF252WYC.se.tagAlign.gz	/oak/stanford/groups/akundaje/kmualim/BenchmarkingPipeline_resources/narrowPeak_files/ENCFF360IUJ.bed.gz.sorted	/oak/stanford/groups/akundaje/kmualim/BenchmarkingPipeline_resources/narrowPeak_files/ENCFF540YUQ.bed.gz.sorted
thoracic_aorta_ID_2344	/scratch/groups/engreitz/Users/kmualim/ABC_data/tagAligns/ENCFF818DQZ.tagAlign.gz	/scratch/groups/engreitz/Users/kmualim/ABC_data/tagAligns/ENCFF435WUP.se.tagAlign.gz	/oak/stanford/groups/akundaje/kmualim/BenchmarkingPipeline_resources/narrowPeak_files/ENCFF218NMI.bed.gz.sorted	/oak/stanford/groups/akundaje/kmualim/BenchmarkingPipeline_resources/narrowPeak_files/ENCFF417GYW.bed.gz.sorted
thymus_ID_2379	/scratch/groups/engreitz/Users/kmualim/ABC_data/tagAligns/ENCFF931TGW.se.tagAlign.gz	/scratch/groups/engreitz/Users/kmualim/ABC_data/tagAligns/ENCFF270ODA.se.tagAlign.gz	/oak/stanford/groups/akundaje/kmualim/BenchmarkingPipeline_resources/narrowPeak_files/ENCFF544CHZ.bed.gz.sorted	/oak/stanford/groups/akundaje/kmualim/BenchmarkingPipeline_resources/narrowPeak_files/ENCFF668BZJ.bed.gz.sorted
thyroid_gland_ID_2682	/scratch/groups/engreitz/Users/kmualim/ABC_data/tagAligns/ENCFF355MYX.tagAlign.gz	/scratch/groups/engreitz/Users/kmualim/ABC_data/tagAligns/ENCFF915JRY.se.tagAlign.gz	/oak/stanford/groups/akundaje/kmualim/BenchmarkingPipeline_resources/narrowPeak_files/ENCFF889BRJ.bed.gz.sorted	/oak/stanford/groups/akundaje/kmualim/BenchmarkingPipeline_resources/narrowPeak_files/ENCFF138WNV.bed.gz.sorted
tibial_artery_ID_2651	/scratch/groups/engreitz/Users/kmualim/ABC_data/tagAligns/ENCFF641PPV.tagAlign.gz	/scratch/groups/engreitz/Users/kmualim/ABC_data/tagAligns/ENCFF338TDT.se.tagAlign.gz	/oak/stanford/groups/akundaje/kmualim/BenchmarkingPipeline_resources/narrowPeak_files/ENCFF053BLB.bed.gz.sorted	/oak/stanford/groups/akundaje/kmualim/BenchmarkingPipeline_resources/narrowPeak_files/ENCFF063TFI.bed.gz.sorted,/oak/stanford/groups/akundaje/kmualim/BenchmarkingPipeline_resources/narrowPeak_files/ENCFF522MHO.bed.gz.sorted,/oak/stanford/groups/akundaje/kmualim/BenchmarkingPipeline_resources/narrowPeak_files/ENCFF523WDP.bed.gz.sorted
tibial_nerve_ID_2180	/scratch/groups/engreitz/Users/kmualim/ABC_data/tagAligns/ENCFF647TLU.tagAlign.gz	/scratch/groups/engreitz/Users/kmualim/ABC_data/tagAligns/ENCFF430ORU.se.tagAlign.gz	/oak/stanford/groups/akundaje/kmualim/BenchmarkingPipeline_resources/narrowPeak_files/ENCFF473OCC.bed.gz.sorted	/oak/stanford/groups/akundaje/kmualim/BenchmarkingPipeline_resources/narrowPeak_files/ENCFF441AHV.bed.gz.sorted
transverse_colon_ID_2733	/scratch/groups/engreitz/Users/kmualim/ABC_data/tagAligns/ENCFF568ZEU.tagAlign.gz	/scratch/groups/engreitz/Users/kmualim/ABC_data/tagAligns/ENCFF288SBC.se.tagAlign.gz	/oak/stanford/groups/akundaje/kmualim/BenchmarkingPipeline_resources/narrowPeak_files/ENCFF903UTH.bed.gz.sorted	/oak/stanford/groups/akundaje/kmualim/BenchmarkingPipeline_resources/narrowPeak_files/ENCFF855RYZ.bed.gz.sorted,/oak/stanford/groups/akundaje/kmualim/BenchmarkingPipeline_resources/narrowPeak_files/ENCFF142COP.bed.gz.sorted,/oak/stanford/groups/akundaje/kmualim/BenchmarkingPipeline_resources/narrowPeak_files/ENCFF488MML.bed.gz.sorted
trophoblast_cell_ID_2596	/scratch/groups/engreitz/Users/kmualim/ABC_data/tagAligns/ENCFF139OOY.tagAlign.gz	/scratch/groups/engreitz/Users/kmualim/ABC_data/tagAligns/ENCFF102QDE.se.tagAlign.gz	/oak/stanford/groups/akundaje/kmualim/BenchmarkingPipeline_resources/narrowPeak_files/ENCFF031MLU.bed.gz.sorted	/oak/stanford/groups/akundaje/kmualim/BenchmarkingPipeline_resources/narrowPeak_files/ENCFF413BYK.bed.gz.sorted,/oak/stanford/groups/akundaje/kmualim/BenchmarkingPipeline_resources/narrowPeak_files/ENCFF407PJQ.bed.gz.sorted,/oak/stanford/groups/akundaje/kmualim/BenchmarkingPipeline_resources/narrowPeak_files/ENCFF071VEB.bed.gz.sorted
upper_lobe_of_left_lung_ID_2310	/scratch/groups/engreitz/Users/kmualim/ABC_data/tagAligns/ENCFF824KSF.tagAlign.gz	/scratch/groups/engreitz/Users/kmualim/ABC_data/tagAligns/ENCFF325LKK.se.tagAlign.gz	/oak/stanford/groups/akundaje/kmualim/BenchmarkingPipeline_resources/narrowPeak_files/ENCFF751WMO.bed.gz.sorted	/oak/stanford/groups/akundaje/kmualim/BenchmarkingPipeline_resources/narrowPeak_files/ENCFF882VLE.bed.gz.sorted
uterus_ID_2745	/scratch/groups/engreitz/Users/kmualim/ABC_data/tagAligns/ENCFF130PVC.tagAlign.gz	/scratch/groups/engreitz/Users/kmualim/ABC_data/tagAligns/ENCFF103IKL.se.tagAlign.gz	/oak/stanford/groups/akundaje/kmualim/BenchmarkingPipeline_resources/narrowPeak_files/ENCFF172RDE.bed.gz.sorted	/oak/stanford/groups/akundaje/kmualim/BenchmarkingPipeline_resources/narrowPeak_files/ENCFF650ZDY.bed.gz.sorted,/oak/stanford/groups/akundaje/kmualim/BenchmarkingPipeline_resources/narrowPeak_files/ENCFF894LVT.bed.gz.sorted,/oak/stanford/groups/akundaje/kmualim/BenchmarkingPipeline_resources/narrowPeak_files/ENCFF415ZLV.bed.gz.sorted
WERI-Rb-1_ID_2137	/scratch/groups/engreitz/Users/kmualim/ABC_data/tagAligns/ENCFF639GFQ.se.tagAlign.gz	/scratch/groups/engreitz/Users/kmualim/ABC_data/tagAligns/ENCFF463ZHF.tagAlign.gz,/scratch/groups/engreitz/Users/kmualim/ABC_data/tagAligns/ENCFF574GEM.tagAlign.gz	/oak/stanford/groups/akundaje/kmualim/BenchmarkingPipeline_resources/narrowPeak_files/ENCFF742TFP.bed.gz.sorted,/oak/stanford/groups/akundaje/kmualim/BenchmarkingPipeline_resources/narrowPeak_files/ENCFF382VDY.bed.gz.sorted	/oak/stanford/groups/akundaje/kmualim/BenchmarkingPipeline_resources/narrowPeak_files/ENCFF166CCJ.bed.gz.sorted,/oak/stanford/groups/akundaje/kmualim/BenchmarkingPipeline_resources/narrowPeak_files/ENCFF182WFV.bed.gz.sorted,/oak/stanford/groups/akundaje/kmualim/BenchmarkingPipeline_resources/narrowPeak_files/ENCFF438QMW.bed.gz.sorted